{
    "id": "knee",
    "rootId": "q_intro_loc",
    "questions": {
        "q_intro_loc": {
            "text": "Where exactly is the knee pain located?",
            "type": "mcq",
            "options": [
                "Front (Anterior)",
                "Inside (Medial)",
                "Outside (Lateral)",
                "Back (Posterior)",
                "Deep/All over"
            ],
            "next": "q_onset_type"
        },
        "q_onset_type": {
            "text": "How did the pain start?",
            "type": "mcq",
            "options": [
                "Sudden Injury (Traumatic)",
                "Gradual Onset (Non-traumatic)",
                "Post-Surgery"
            ],
            "next": {
                "Sudden Injury (Traumatic)": "q_mech_injury",
                "Gradual Onset (Non-traumatic)": "q_activity_rel",
                "Post-Surgery": "q_surgery_hist"
            }
        },
        "q_mech_injury": {
            "text": "Describe the injury mechanism:",
            "type": "mcq",
            "options": [
                "Twisting while pivoting",
                "Direct blow to knee",
                "Hyperextension",
                "Fall on bent knee"
            ],
            "next": "q_pop_sound"
        },
        "q_pop_sound": {
            "text": "Did you hear a 'pop' or snap at the time of injury?",
            "type": "mcq",
            "options": [
                "Yes",
                "No"
            ],
            "next": "q_swelling_time"
        },
        "q_swelling_time": {
            "text": "How quickly did the swelling appear?",
            "type": "mcq",
            "options": [
                "Immediately (within 1-2 hours)",
                "Overnight / Next day",
                "No significant swelling"
            ],
            "next": "q_locking"
        },
        "q_locking": {
            "text": "Does your knee ever 'lock' or get stuck?",
            "type": "mcq",
            "options": [
                "Yes, often",
                "Occasionally",
                "No"
            ],
            "redFlag": true,
            "redFlagAnswer": "Yes, often",
            "redFlagMessage": "Locking may indicate a meniscus tear requiring evaluation.",
            "next": "q_instability"
        },
        "q_instability": {
            "text": "Does the knee feel unstable or like it will 'give way'?",
            "type": "mcq",
            "options": [
                "Yes",
                "No"
            ],
            "next": "q_pain_severity"
        },
        "q_activity_rel": {
            "text": "What activity makes the pain worse?",
            "type": "mcq",
            "options": [
                "Walking down stairs",
                "Running",
                "Squatting",
                "Sitting for long periods"
            ],
            "next": "q_morning_stiff"
        },
        "q_morning_stiff": {
            "text": "Do you have stiffness in the morning?",
            "type": "mcq",
            "options": [
                "Yes, < 30 mins",
                "Yes, > 30 mins",
                "No"
            ],
            "next": "q_pain_severity"
        },
        "q_pain_severity": {
            "text": "Rate your pain intensity (0-10):",
            "type": "slider",
            "min": 0,
            "max": 10,
            "next": {
                "default": "q_night_pain"
            }
        },
        "q_night_pain": {
            "text": "Does the pain wake you up at night?",
            "type": "mcq",
            "options": [
                "Yes, frequently",
                "Sometimes",
                "No"
            ],
            "redFlag": true,
            "redFlagAnswer": "Yes, frequently",
            "redFlagMessage": "Night pain can be a sign of inflammation or more serious pathology.",
            "next": "q_general_health"
        },
        "q_general_health": {
            "text": "Have you had any recent unexplained weight loss or fever?",
            "type": "mcq",
            "options": [
                "Yes",
                "No"
            ],
            "redFlag": true,
            "redFlagAnswer": "Yes",
            "redFlagMessage": "Systemic symptoms require medical screening.",
            "next": "END_SUMMARY"
        },
        "q_surgery_hist": {
            "text": "How long ago was the surgery?",
            "type": "mcq",
            "options": [
                "< 4 weeks",
                "1-6 months",
                "> 6 months"
            ],
            "next": "q_pain_severity"
        }
    }
}